{
  "info": {
    "_postman_id": "12345678-1234-1234-1234-123456789012",
    "name": "Employee Management System",
    "schema": "https://schema.getpostman.com/json/collection/v2.1.0/collection.json"
  },
  "item": [
    {
      "name": "Auth Service",
      "item": [
        {
          "name": "Register User",
          "request": {
            "method": "POST",
            "header": [
              {
                "key": "Content-Type",
                "value": "application/json"
              }
            ],
            "body": {
              "mode": "raw",
              "raw": "{\n    \"username\": \"admin\",\n    \"password\": \"admin123\",\n    \"role\": \"ADMIN\"\n}"
            },
            "url": {
              "raw": "http://localhost:8080/auth/register",
              "protocol": "http",
              "host": ["localhost"],
              "port": "8080",
              "path": ["auth", "register"]
            }
          },
          "response": []
        },
        {
          "name": "Login User",
          "request": {
            "method": "POST",
            "header": [
              {
                "key": "Content-Type",
                "value": "application/json"
              }
            ],
            "body": {
              "mode": "raw",
              "raw": "{\n    \"username\": \"admin\",\n    \"password\": \"admin123\"\n}"
            },
            "url": {
              "raw": "http://localhost:8080/auth/login",
              "protocol": "http",
              "host": ["localhost"],
              "port": "8080",
              "path": ["auth", "login"]
            }
          },
          "response": []
        },
        {
          "name": "Validate Token",
          "request": {
            "method": "GET",
            "header": [],
            "url": {
              "raw": "http://localhost:8080/auth/validate?token={{jwt_token}}",
              "protocol": "http",
              "host": ["localhost"],
              "port": "8080",
              "path": ["auth", "validate"],
              "query": [
                {
                  "key": "token",
                  "value": "{{jwt_token}}"
                }
              ]
            }
          },
          "response": []
        }
      ]
    },
    {
      "name": "Employee Service",
      "item": [
        {
          "name": "Get All Employees",
          "request": {
            "method": "GET",
            "header": [
              {
                "key": "Authorization",
                "value": "Bearer {{jwt_token}}"
              }
            ],
            "url": {
              "raw": "http://localhost:8080/employees",
              "protocol": "http",
              "host": ["localhost"],
              "port": "8080",
              "path": ["employees"]
            }
          },
          "response": []
        },
        {
          "name": "Get Employee by ID",
          "request": {
            "method": "GET",
            "header": [
              {
                "key": "Authorization",
                "value": "Bearer {{jwt_token}}"
              }
            ],
            "url": {
              "raw": "http://localhost:8080/employees/1",
              "protocol": "http",
              "host": ["localhost"],
              "port": "8080",
              "path": ["employees", "1"]
            }
          },
          "response": []
        },
        {
          "name": "Create Employee",
          "request": {
            "method": "POST",
            "header": [
              {
                "key": "Content-Type",
                "value": "application/json"
              },
              {
                "key": "Authorization",
                "value": "Bearer {{jwt_token}}"
              }
            ],
            "body": {
              "mode": "raw",
              "raw": "{\n    \"name\": \"John Doe\",\n    \"email\": \"john.doe@example.com\",\n    \"department\": \"IT\",\n    \"position\": \"Software Engineer\",\n    \"salary\": 75000.00\n}"
            },
            "url": {
              "raw": "http://localhost:8080/employees",
              "protocol": "http",
              "host": ["localhost"],
              "port": "8080",
              "path": ["employees"]
            }
          },
          "response": []
        },
        {
          "name": "Update Employee",
          "request": {
            "method": "PUT",
            "header": [
              {
                "key": "Content-Type",
                "value": "application/json"
              },
              {
                "key": "Authorization",
                "value": "Bearer {{jwt_token}}"
              }
            ],
            "body": {
              "mode": "raw",
              "raw": "{\n    \"name\": \"John Doe Updated\",\n    \"email\": \"john.doe.updated@example.com\",\n    \"department\": \"IT\",\n    \"position\": \"Senior Software Engineer\",\n    \"salary\": 85000.00\n}"
            },
            "url": {
              "raw": "http://localhost:8080/employees/1",
              "protocol": "http",
              "host": ["localhost"],
              "port": "8080",
              "path": ["employees", "1"]
            }
          },
          "response": []
        },
        {
          "name": "Delete Employee",
          "request": {
            "method": "DELETE",
            "header": [
              {
                "key": "Authorization",
                "value": "Bearer {{jwt_token}}"
              }
            ],
            "url": {
              "raw": "http://localhost:8080/employees/1",
              "protocol": "http",
              "host": ["localhost"],
              "port": "8080",
              "path": ["employees", "1"]
            }
          },
          "response": []
        },
        {
          "name": "Get Employees by Department",
          "request": {
            "method": "GET",
            "header": [
              {
                "key": "Authorization",
                "value": "Bearer {{jwt_token}}"
              }
            ],
            "url": {
              "raw": "http://localhost:8080/employees/department/IT",
              "protocol": "http",
              "host": ["localhost"],
              "port": "8080",
              "path": ["employees", "department", "IT"]
            }
          },
          "response": []
        }
      ]
    },
    {
      "name": "Department Service",
      "item": [
        {
          "name": "Get All Departments",
          "request": {
            "method": "GET",
            "header": [
              {
                "key": "Authorization",
                "value": "Bearer {{jwt_token}}"
              }
            ],
            "url": {
              "raw": "http://localhost:8080/departments",
              "protocol": "http",
              "host": ["localhost"],
              "port": "8080",
              "path": ["departments"]
            }
          },
          "response": []
        },
        {
          "name": "Get Department by ID",
          "request": {
            "method": "GET",
            "header": [
              {
                "key": "Authorization",
                "value": "Bearer {{jwt_token}}"
              }
            ],
            "url": {
              "raw": "http://localhost:8080/departments/1",
              "protocol": "http",
              "host": ["localhost"],
              "port": "8080",
              "path": ["departments", "1"]
            }
          },
          "response": []
        },
        {
          "name": "Create Department",
          "request": {
            "method": "POST",
            "header": [
              {
                "key": "Content-Type",
                "value": "application/json"
              },
              {
                "key": "Authorization",
                "value": "Bearer {{jwt_token}}"
              }
            ],
            "body": {
              "mode": "raw",
              "raw": "{\n    \"name\": \"IT\",\n    \"location\": \"Building A, Floor 3\",\n    \"manager\": \"Jane Smith\",\n    \"employeeCount\": 15\n}"
            },
            "url": {
              "raw": "http://localhost:8080/departments",
              "protocol": "http",
              "host": ["localhost"],
              "port": "8080",
              "path": ["departments"]
            }
          },
          "response": []
        },
        {
          "name": "Update Department",
          "request": {
            "method": "PUT",
            "header": [
              {
                "key": "Content-Type",
                "value": "application/json"
              },
              {
                "key": "Authorization",
                "value": "Bearer {{jwt_token}}"
              }
            ],
            "body": {
              "mode": "raw",
              "raw": "{\n    \"name\": \"IT\",\n    \"location\": \"Building A, Floor 3 - Updated\",\n    \"manager\": \"Jane Smith Updated\",\n    \"employeeCount\": 16\n}"
            },
            "url": {
              "raw": "http://localhost:8080/departments/1",
              "protocol": "http",
              "host": ["localhost"],
              "port": "8080",
              "path": ["departments", "1"]
            }
          },
          "response": []
        },
        {
          "name": "Delete Department",
          "request": {
            "method": "DELETE",
            "header": [
              {
                "key": "Authorization",
                "value": "Bearer {{jwt_token}}"
              }
            ],
            "url": {
              "raw": "http://localhost:8080/departments/1",
              "protocol": "http",
              "host": ["localhost"],
              "port": "8080",
              "path": ["departments", "1"]
            }
          },
          "response": []
        },
        {
          "name": "Get Department by Name",
          "request": {
            "method": "GET",
            "header": [
              {
                "key": "Authorization",
                "value": "Bearer {{jwt_token}}"
              }
            ],
            "url": {
              "raw": "http://localhost:8080/departments/name/IT",
              "protocol": "http",
              "host": ["localhost"],
              "port": "8080",
              "path": ["departments", "name", "IT"]
            }
          },
          "response": []
        }
      ]
    },
    {
      "name": "Eureka Server",
      "item": [
        {
          "name": "Eureka Dashboard",
          "request": {
            "method": "GET",
            "header": [],
            "url": {
              "raw": "http://localhost:8761",
              "protocol": "http",
              "host": ["localhost"],
              "port": "8761",
              "path": []
            }
          },
          "response": []
        }
      ]
    }
  ],
  "variable": [
    {
      "key": "jwt_token",
      "value": "",
      "type": "string"
    }
  ]
}